piece_id,piece_name,piece_parte,piece_description,piece_model,piece_part,piece_qty,piece_remarks,piece_packageWeight,piece_packageWeightUnit,piece_packageWidth,piece_packageWidthUnit,piece_packageLength,piece_packageLengthUnit,piece_packageQty,piece_alternative_part_id,piece_images
DZ108149,"Turbocharger, Rollerless",Arandela,"Turbocharger, Rollerless",16566,2752688,1,SUB FOR RE534545 OR RE535686 OR RE534520,48.2,LBS,,,,,,SE501680,"DZ108149_0.png
DZ108149_1.png
DZ108149_2.png
DZ108149_3.png
DZ108149_4.png"
DZ108149,"Turbocharger, Rollerless",Arandela,"Turbocharger, Rollerless",18022,2752688,1,SUB FOR RE534545 OR RE535686 OR RE534520,48.2,LBS,,,,,,SE501680,"DZ108149_0.png
DZ108149_1.png
DZ108149_2.png
DZ108149_3.png
DZ108149_4.png"
DZ108149,"Turbocharger, Rollerless",Arandela,"Turbocharger, Rollerless",16579,434568,1,SUB FOR RE534545 OR RE535686 OR RE534520,48.2,LBS,,,,,,SE501680,"DZ108149_0.png
DZ108149_1.png
DZ108149_2.png
DZ108149_3.png
DZ108149_4.png"
DZ108149,"Turbocharger, Rollerless",Arandela,"Turbocharger, Rollerless",18026,434568,1,SUB FOR RE534545 OR RE535686 OR RE534520,48.2,LBS,,,,,,SE501680,"DZ108149_0.png
DZ108149_1.png
DZ108149_2.png
DZ108149_3.png
DZ108149_4.png"
DZ108149,"Turbocharger, Rollerless",Arandela,"Turbocharger, Rollerless",16576,726903,1,SUB FOR RE534545 OR RE535686 OR RE534520,48.2,LBS,,,,,,SE501680,"DZ108149_0.png
DZ108149_1.png
DZ108149_2.png
DZ108149_3.png
DZ108149_4.png"
DZ108149,"Turbocharger, Rollerless",Arandela,"Turbocharger, Rollerless",18023,726903,1,SUB FOR RE534545 OR RE535686 OR RE534520,48.2,LBS,,,,,,SE501680,"DZ108149_0.png
DZ108149_1.png
DZ108149_2.png
DZ108149_3.png
DZ108149_4.png"
DZ108149,"Turbocharger, Rollerless",Arandela,"Turbocharger, Rollerless",16609,150378,1,SUB FOR RE534545 OR RE535686 OR RE534520,48.2,LBS,,,,,,SE501680,"DZ108149_0.png
DZ108149_1.png
DZ108149_2.png
DZ108149_3.png
DZ108149_4.png"
DZ108149,"Turbocharger, Rollerless",Arandela,"Turbocharger, Rollerless",16609,726382,1,SUB FOR RE534545 OR RE535686 OR RE534520,48.2,LBS,,,,,,SE501680,"DZ108149_0.png
DZ108149_1.png
DZ108149_2.png
DZ108149_3.png
DZ108149_4.png"
DZ108149,"Turbocharger, Rollerless",Arandela,"Turbocharger, Rollerless",18024,150378,1,SUB FOR RE534545 OR RE535686 OR RE534520,48.2,LBS,,,,,,SE501680,"DZ108149_0.png
DZ108149_1.png
DZ108149_2.png
DZ108149_3.png
DZ108149_4.png"
DZ108149,"Turbocharger, Rollerless",Arandela,"Turbocharger, Rollerless",18024,726382,1,SUB FOR RE534545 OR RE535686 OR RE534520,48.2,LBS,,,,,,SE501680,"DZ108149_0.png
DZ108149_1.png
DZ108149_2.png
DZ108149_3.png
DZ108149_4.png"
DZ108149,"Turbocharger, Rollerless",Arandela,"Turbocharger, Rollerless",16717,1157917,1,SUB FOR RE534545 OR RE535686 OR RE534520,48.2,LBS,,,,,,SE501680,"DZ108149_0.png
DZ108149_1.png
DZ108149_2.png
DZ108149_3.png
DZ108149_4.png"
DZ108149,"Turbocharger, Rollerless",Arandela,"Turbocharger, Rollerless",18029,1157917,1,SUB FOR RE534545 OR RE535686 OR RE534520,48.2,LBS,,,,,,SE501680,"DZ108149_0.png
DZ108149_1.png
DZ108149_2.png
DZ108149_3.png
DZ108149_4.png"
DZ108149,"Turbocharger, Rollerless",Arandela,"Turbocharger, Rollerless",16805,2423881,1,,48.2,LBS,,,,,,SE501680,"DZ108149_0.png
DZ108149_1.png
DZ108149_2.png
DZ108149_3.png
DZ108149_4.png"
DZ108149,"Turbocharger, Rollerless",Arandela,"Turbocharger, Rollerless",16805,2444994,1,SUB FOR RE535686,48.2,LBS,,,,,,SE501680,"DZ108149_0.png
DZ108149_1.png
DZ108149_2.png
DZ108149_3.png
DZ108149_4.png"
DZ108149,"Turbocharger, Rollerless",Arandela,"Turbocharger, Rollerless",17878,2423881,1,,48.2,LBS,,,,,,SE501680,"DZ108149_0.png
DZ108149_1.png
DZ108149_2.png
DZ108149_3.png
DZ108149_4.png"
DZ108149,"Turbocharger, Rollerless",Arandela,"Turbocharger, Rollerless",17878,2444994,1,SUB FOR RE535686,48.2,LBS,,,,,,SE501680,"DZ108149_0.png
DZ108149_1.png
DZ108149_2.png
DZ108149_3.png
DZ108149_4.png"
DZ108149,"Turbocharger, Rollerless",Arandela,"Turbocharger, Rollerless",17923,2423881,1,,48.2,LBS,,,,,,SE501680,"DZ108149_0.png
DZ108149_1.png
DZ108149_2.png
DZ108149_3.png
DZ108149_4.png"
DZ108149,"Turbocharger, Rollerless",Arandela,"Turbocharger, Rollerless",17923,2444994,1,SUB FOR RE535686,48.2,LBS,,,,,,SE501680,"DZ108149_0.png
DZ108149_1.png
DZ108149_2.png
DZ108149_3.png
DZ108149_4.png"
DZ108149,"Turbocharger, Rollerless",Arandela,"Turbocharger, Rollerless",17930,2423881,1,,48.2,LBS,,,,,,SE501680,"DZ108149_0.png
DZ108149_1.png
DZ108149_2.png
DZ108149_3.png
DZ108149_4.png"
DZ108149,"Turbocharger, Rollerless",Arandela,"Turbocharger, Rollerless",17930,2444994,1,SUB FOR RE535686,48.2,LBS,,,,,,SE501680,"DZ108149_0.png
DZ108149_1.png
DZ108149_2.png
DZ108149_3.png
DZ108149_4.png"
DZ108149,"Turbocharger, Rollerless",Arandela,"Turbocharger, Rollerless",17932,2423881,1,,48.2,LBS,,,,,,SE501680,"DZ108149_0.png
DZ108149_1.png
DZ108149_2.png
DZ108149_3.png
DZ108149_4.png"
DZ108149,"Turbocharger, Rollerless",Arandela,"Turbocharger, Rollerless",17932,2444994,1,SUB FOR RE535686,48.2,LBS,,,,,,SE501680,"DZ108149_0.png
DZ108149_1.png
DZ108149_2.png
DZ108149_3.png
DZ108149_4.png"
DZ108149,"Turbocharger, Rollerless",Arandela,"Turbocharger, Rollerless",17941,2423881,1,,48.2,LBS,,,,,,SE501680,"DZ108149_0.png
DZ108149_1.png
DZ108149_2.png
DZ108149_3.png
DZ108149_4.png"
DZ108149,"Turbocharger, Rollerless",Arandela,"Turbocharger, Rollerless",17941,2444994,1,SUB FOR RE535686,48.2,LBS,,,,,,SE501680,"DZ108149_0.png
DZ108149_1.png
DZ108149_2.png
DZ108149_3.png
DZ108149_4.png"
DZ108149,"Turbocharger, Rollerless",Arandela,"Turbocharger, Rollerless",174756,2423881,1,,48.2,LBS,,,,,,SE501680,"DZ108149_0.png
DZ108149_1.png
DZ108149_2.png
DZ108149_3.png
DZ108149_4.png"
DZ108149,"Turbocharger, Rollerless",Arandela,"Turbocharger, Rollerless",174756,2444994,1,SUB FOR RE535686,48.2,LBS,,,,,,SE501680,"DZ108149_0.png
DZ108149_1.png
DZ108149_2.png
DZ108149_3.png
DZ108149_4.png"
DZ108149,"Turbocharger, Rollerless",Arandela,"Turbocharger, Rollerless",16809,738324,1,SUB FOR RE535686,48.2,LBS,,,,,,SE501680,"DZ108149_0.png
DZ108149_1.png
DZ108149_2.png
DZ108149_3.png
DZ108149_4.png"
DZ108149,"Turbocharger, Rollerless",Arandela,"Turbocharger, Rollerless",16809,740713,1,,48.2,LBS,,,,,,SE501680,"DZ108149_0.png
DZ108149_1.png
DZ108149_2.png
DZ108149_3.png
DZ108149_4.png"
DZ108149,"Turbocharger, Rollerless",Arandela,"Turbocharger, Rollerless",16812,738324,1,SUB FOR RE535686,48.2,LBS,,,,,,SE501680,"DZ108149_0.png
DZ108149_1.png
DZ108149_2.png
DZ108149_3.png
DZ108149_4.png"
DZ108149,"Turbocharger, Rollerless",Arandela,"Turbocharger, Rollerless",16812,740713,1,,48.2,LBS,,,,,,SE501680,"DZ108149_0.png
DZ108149_1.png
DZ108149_2.png
DZ108149_3.png
DZ108149_4.png"
DZ108149,"Turbocharger, Rollerless",Arandela,"Turbocharger, Rollerless",17922,738324,1,SUB FOR RE535686,48.2,LBS,,,,,,SE501680,"DZ108149_0.png
DZ108149_1.png
DZ108149_2.png
DZ108149_3.png
DZ108149_4.png"
DZ108149,"Turbocharger, Rollerless",Arandela,"Turbocharger, Rollerless",17922,740713,1,,48.2,LBS,,,,,,SE501680,"DZ108149_0.png
DZ108149_1.png
DZ108149_2.png
DZ108149_3.png
DZ108149_4.png"
DZ108149,"Turbocharger, Rollerless",Arandela,"Turbocharger, Rollerless",17928,738324,1,SUB FOR RE535686,48.2,LBS,,,,,,SE501680,"DZ108149_0.png
DZ108149_1.png
DZ108149_2.png
DZ108149_3.png
DZ108149_4.png"
DZ108149,"Turbocharger, Rollerless",Arandela,"Turbocharger, Rollerless",17928,740713,1,,48.2,LBS,,,,,,SE501680,"DZ108149_0.png
DZ108149_1.png
DZ108149_2.png
DZ108149_3.png
DZ108149_4.png"
DZ108149,"Turbocharger, Rollerless",Arandela,"Turbocharger, Rollerless",17931,738324,1,SUB FOR RE535686,48.2,LBS,,,,,,SE501680,"DZ108149_0.png
DZ108149_1.png
DZ108149_2.png
DZ108149_3.png
DZ108149_4.png"
DZ108149,"Turbocharger, Rollerless",Arandela,"Turbocharger, Rollerless",17931,740713,1,,48.2,LBS,,,,,,SE501680,"DZ108149_0.png
DZ108149_1.png
DZ108149_2.png
DZ108149_3.png
DZ108149_4.png"
DZ108149,"Turbocharger, Rollerless",Arandela,"Turbocharger, Rollerless",174874,738324,1,SUB FOR RE535686,48.2,LBS,,,,,,SE501680,"DZ108149_0.png
DZ108149_1.png
DZ108149_2.png
DZ108149_3.png
DZ108149_4.png"
DZ108149,"Turbocharger, Rollerless",Arandela,"Turbocharger, Rollerless",174874,740713,1,,48.2,LBS,,,,,,SE501680,"DZ108149_0.png
DZ108149_1.png
DZ108149_2.png
DZ108149_3.png
DZ108149_4.png"
DZ108149,"Turbocharger, Rollerless",Arandela,"Turbocharger, Rollerless",174877,738324,1,SUB FOR RE535686,48.2,LBS,,,,,,SE501680,"DZ108149_0.png
DZ108149_1.png
DZ108149_2.png
DZ108149_3.png
DZ108149_4.png"
DZ108149,"Turbocharger, Rollerless",Arandela,"Turbocharger, Rollerless",174877,740713,1,,48.2,LBS,,,,,,SE501680,"DZ108149_0.png
DZ108149_1.png
DZ108149_2.png
DZ108149_3.png
DZ108149_4.png"
DZ108149,"Turbocharger, Rollerless",Arandela,"Turbocharger, Rollerless",16808,645103,1,SUB FOR RE535686,48.2,LBS,,,,,,SE501680,"DZ108149_0.png
DZ108149_1.png
DZ108149_2.png
DZ108149_3.png
DZ108149_4.png"
DZ108149,"Turbocharger, Rollerless",Arandela,"Turbocharger, Rollerless",16811,645103,1,SUB FOR RE535686,48.2,LBS,,,,,,SE501680,"DZ108149_0.png
DZ108149_1.png
DZ108149_2.png
DZ108149_3.png
DZ108149_4.png"
DZ108149,"Turbocharger, Rollerless",Arandela,"Turbocharger, Rollerless",17877,645103,1,SUB FOR RE535686,48.2,LBS,,,,,,SE501680,"DZ108149_0.png
DZ108149_1.png
DZ108149_2.png
DZ108149_3.png
DZ108149_4.png"
DZ108149,"Turbocharger, Rollerless",Arandela,"Turbocharger, Rollerless",17899,645103,1,SUB FOR RE535686,48.2,LBS,,,,,,SE501680,"DZ108149_0.png
DZ108149_1.png
DZ108149_2.png
DZ108149_3.png
DZ108149_4.png"
DZ108149,"Turbocharger, Rollerless",Arandela,"Turbocharger, Rollerless",17920,645103,1,SUB FOR RE535686,48.2,LBS,,,,,,SE501680,"DZ108149_0.png
DZ108149_1.png
DZ108149_2.png
DZ108149_3.png
DZ108149_4.png"
DZ108149,"Turbocharger, Rollerless",Arandela,"Turbocharger, Rollerless",17921,645103,1,SUB FOR RE535686,48.2,LBS,,,,,,SE501680,"DZ108149_0.png
DZ108149_1.png
DZ108149_2.png
DZ108149_3.png
DZ108149_4.png"
DZ108149,"Turbocharger, Rollerless",Arandela,"Turbocharger, Rollerless",17927,645103,1,SUB FOR RE535686,48.2,LBS,,,,,,SE501680,"DZ108149_0.png
DZ108149_1.png
DZ108149_2.png
DZ108149_3.png
DZ108149_4.png"
DZ108149,"Turbocharger, Rollerless",Arandela,"Turbocharger, Rollerless",174875,645103,1,SUB FOR RE535686,48.2,LBS,,,,,,SE501680,"DZ108149_0.png
DZ108149_1.png
DZ108149_2.png
DZ108149_3.png
DZ108149_4.png"
DZ108149,"Turbocharger, Rollerless",Arandela,"Turbocharger, Rollerless",16814,2249328,1,,48.2,LBS,,,,,,SE501680,"DZ108149_0.png
DZ108149_1.png
DZ108149_2.png
DZ108149_3.png
DZ108149_4.png"
DZ108149,"Turbocharger, Rollerless",Arandela,"Turbocharger, Rollerless",16814,2785788,1,SUB FOR RE535686,48.2,LBS,,,,,,SE501680,"DZ108149_0.png
DZ108149_1.png
DZ108149_2.png
DZ108149_3.png
DZ108149_4.png"
DZ108149,"Turbocharger, Rollerless",Arandela,"Turbocharger, Rollerless",17929,2249328,1,,48.2,LBS,,,,,,SE501680,"DZ108149_0.png
DZ108149_1.png
DZ108149_2.png
DZ108149_3.png
DZ108149_4.png"
DZ108149,"Turbocharger, Rollerless",Arandela,"Turbocharger, Rollerless",17929,2785788,1,SUB FOR RE535686,48.2,LBS,,,,,,SE501680,"DZ108149_0.png
DZ108149_1.png
DZ108149_2.png
DZ108149_3.png
DZ108149_4.png"
DZ108149,"Turbocharger, Rollerless",Arandela,"Turbocharger, Rollerless",16816,7235897,1,,48.2,LBS,,,,,,SE501680,"DZ108149_0.png
DZ108149_1.png
DZ108149_2.png
DZ108149_3.png
DZ108149_4.png"
DZ108149,"Turbocharger, Rollerless",Arandela,"Turbocharger, Rollerless",16816,7263038,1,SUB FOR RE535686,48.2,LBS,,,,,,SE501680,"DZ108149_0.png
DZ108149_1.png
DZ108149_2.png
DZ108149_3.png
DZ108149_4.png"
DZ108149,"Turbocharger, Rollerless",Arandela,"Turbocharger, Rollerless",16818,7235897,1,,48.2,LBS,,,,,,SE501680,"DZ108149_0.png
DZ108149_1.png
DZ108149_2.png
DZ108149_3.png
DZ108149_4.png"
DZ108149,"Turbocharger, Rollerless",Arandela,"Turbocharger, Rollerless",16818,7263038,1,SUB FOR RE535686,48.2,LBS,,,,,,SE501680,"DZ108149_0.png
DZ108149_1.png
DZ108149_2.png
DZ108149_3.png
DZ108149_4.png"
DZ108149,"Turbocharger, Rollerless",Arandela,"Turbocharger, Rollerless",17935,7235897,1,,48.2,LBS,,,,,,SE501680,"DZ108149_0.png
DZ108149_1.png
DZ108149_2.png
DZ108149_3.png
DZ108149_4.png"
DZ108149,"Turbocharger, Rollerless",Arandela,"Turbocharger, Rollerless",17935,7263038,1,SUB FOR RE535686,48.2,LBS,,,,,,SE501680,"DZ108149_0.png
DZ108149_1.png
DZ108149_2.png
DZ108149_3.png
DZ108149_4.png"
DZ108149,"Turbocharger, Rollerless",Arandela,"Turbocharger, Rollerless",17942,7235897,1,,48.2,LBS,,,,,,SE501680,"DZ108149_0.png
DZ108149_1.png
DZ108149_2.png
DZ108149_3.png
DZ108149_4.png"
DZ108149,"Turbocharger, Rollerless",Arandela,"Turbocharger, Rollerless",17942,7263038,1,SUB FOR RE535686,48.2,LBS,,,,,,SE501680,"DZ108149_0.png
DZ108149_1.png
DZ108149_2.png
DZ108149_3.png
DZ108149_4.png"
DZ108149,"Turbocharger, Rollerless",Arandela,"Turbocharger, Rollerless",173680,4588509,1,,48.2,LBS,,,,,,SE501680,"DZ108149_0.png
DZ108149_1.png
DZ108149_2.png
DZ108149_3.png
DZ108149_4.png"
DZ108149,"Turbocharger, Rollerless",Arandela,"Turbocharger, Rollerless",173680,4629132,1,SUB FOR RE535686,48.2,LBS,,,,,,SE501680,"DZ108149_0.png
DZ108149_1.png
DZ108149_2.png
DZ108149_3.png
DZ108149_4.png"
DZ108149,"Turbocharger, Rollerless",Arandela,"Turbocharger, Rollerless",173682,4588509,1,,48.2,LBS,,,,,,SE501680,"DZ108149_0.png
DZ108149_1.png
DZ108149_2.png
DZ108149_3.png
DZ108149_4.png"
DZ108149,"Turbocharger, Rollerless",Arandela,"Turbocharger, Rollerless",173682,4629132,1,SUB FOR RE535686,48.2,LBS,,,,,,SE501680,"DZ108149_0.png
DZ108149_1.png
DZ108149_2.png
DZ108149_3.png
DZ108149_4.png"
DZ108149,"Turbocharger, Rollerless",Arandela,"Turbocharger, Rollerless",173696,4588509,1,,48.2,LBS,,,,,,SE501680,"DZ108149_0.png
DZ108149_1.png
DZ108149_2.png
DZ108149_3.png
DZ108149_4.png"
DZ108149,"Turbocharger, Rollerless",Arandela,"Turbocharger, Rollerless",173696,4629132,1,SUB FOR RE535686,48.2,LBS,,,,,,SE501680,"DZ108149_0.png
DZ108149_1.png
DZ108149_2.png
DZ108149_3.png
DZ108149_4.png"
DZ108149,"Turbocharger, Rollerless",Arandela,"Turbocharger, Rollerless",173704,4588509,1,,48.2,LBS,,,,,,SE501680,"DZ108149_0.png
DZ108149_1.png
DZ108149_2.png
DZ108149_3.png
DZ108149_4.png"
DZ108149,"Turbocharger, Rollerless",Arandela,"Turbocharger, Rollerless",173704,4629132,1,SUB FOR RE535686,48.2,LBS,,,,,,SE501680,"DZ108149_0.png
DZ108149_1.png
DZ108149_2.png
DZ108149_3.png
DZ108149_4.png"
DZ108149,"Turbocharger, Rollerless",Arandela,"Turbocharger, Rollerless",16820,11571245,1,SUB FOR RE535686,48.2,LBS,,,,,,SE501680,"DZ108149_0.png
DZ108149_1.png
DZ108149_2.png
DZ108149_3.png
DZ108149_4.png"
DZ108149,"Turbocharger, Rollerless",Arandela,"Turbocharger, Rollerless",16820,11614446,1,,48.2,LBS,,,,,,SE501680,"DZ108149_0.png
DZ108149_1.png
DZ108149_2.png
DZ108149_3.png
DZ108149_4.png"
DZ108149,"Turbocharger, Rollerless",Arandela,"Turbocharger, Rollerless",16822,11571245,1,SUB FOR RE535686,48.2,LBS,,,,,,SE501680,"DZ108149_0.png
DZ108149_1.png
DZ108149_2.png
DZ108149_3.png
DZ108149_4.png"
DZ108149,"Turbocharger, Rollerless",Arandela,"Turbocharger, Rollerless",16822,11614446,1,,48.2,LBS,,,,,,SE501680,"DZ108149_0.png
DZ108149_1.png
DZ108149_2.png
DZ108149_3.png
DZ108149_4.png"
DZ108149,"Turbocharger, Rollerless",Arandela,"Turbocharger, Rollerless",17936,11571245,1,SUB FOR RE535686,48.2,LBS,,,,,,SE501680,"DZ108149_0.png
DZ108149_1.png
DZ108149_2.png
DZ108149_3.png
DZ108149_4.png"
DZ108149,"Turbocharger, Rollerless",Arandela,"Turbocharger, Rollerless",17936,11614446,1,,48.2,LBS,,,,,,SE501680,"DZ108149_0.png
DZ108149_1.png
DZ108149_2.png
DZ108149_3.png
DZ108149_4.png"
DZ108149,"Turbocharger, Rollerless",Arandela,"Turbocharger, Rollerless",17945,11571245,1,SUB FOR RE535686,48.2,LBS,,,,,,SE501680,"DZ108149_0.png
DZ108149_1.png
DZ108149_2.png
DZ108149_3.png
DZ108149_4.png"
DZ108149,"Turbocharger, Rollerless",Arandela,"Turbocharger, Rollerless",17945,11614446,1,,48.2,LBS,,,,,,SE501680,"DZ108149_0.png
DZ108149_1.png
DZ108149_2.png
DZ108149_3.png
DZ108149_4.png"
DZ108149,"Turbocharger, Rollerless",Arandela,"Turbocharger, Rollerless",173684,4423088,1,,48.2,LBS,,,,,,SE501680,"DZ108149_0.png
DZ108149_1.png
DZ108149_2.png
DZ108149_3.png
DZ108149_4.png"
DZ108149,"Turbocharger, Rollerless",Arandela,"Turbocharger, Rollerless",173684,4521663,1,SUB FOR RE535686,48.2,LBS,,,,,,SE501680,"DZ108149_0.png
DZ108149_1.png
DZ108149_2.png
DZ108149_3.png
DZ108149_4.png"
DZ108149,"Turbocharger, Rollerless",Arandela,"Turbocharger, Rollerless",173686,4423088,1,,48.2,LBS,,,,,,SE501680,"DZ108149_0.png
DZ108149_1.png
DZ108149_2.png
DZ108149_3.png
DZ108149_4.png"
DZ108149,"Turbocharger, Rollerless",Arandela,"Turbocharger, Rollerless",173686,4521663,1,SUB FOR RE535686,48.2,LBS,,,,,,SE501680,"DZ108149_0.png
DZ108149_1.png
DZ108149_2.png
DZ108149_3.png
DZ108149_4.png"
DZ108149,"Turbocharger, Rollerless",Arandela,"Turbocharger, Rollerless",173697,4423088,1,,48.2,LBS,,,,,,SE501680,"DZ108149_0.png
DZ108149_1.png
DZ108149_2.png
DZ108149_3.png
DZ108149_4.png"
DZ108149,"Turbocharger, Rollerless",Arandela,"Turbocharger, Rollerless",173697,4521663,1,SUB FOR RE535686,48.2,LBS,,,,,,SE501680,"DZ108149_0.png
DZ108149_1.png
DZ108149_2.png
DZ108149_3.png
DZ108149_4.png"
DZ108149,"Turbocharger, Rollerless",Arandela,"Turbocharger, Rollerless",173708,4423088,1,,48.2,LBS,,,,,,SE501680,"DZ108149_0.png
DZ108149_1.png
DZ108149_2.png
DZ108149_3.png
DZ108149_4.png"
DZ108149,"Turbocharger, Rollerless",Arandela,"Turbocharger, Rollerless",173708,4521663,1,SUB FOR RE535686,48.2,LBS,,,,,,SE501680,"DZ108149_0.png
DZ108149_1.png
DZ108149_2.png
DZ108149_3.png
DZ108149_4.png"
DZ108149,"Turbocharger, Rollerless",Arandela,"Turbocharger, Rollerless",16840,1940592,1,SUB FOR RE534545 OR RE535686 OR RE534520,48.2,LBS,,,,,,SE501680,"DZ108149_0.png
DZ108149_1.png
DZ108149_2.png
DZ108149_3.png
DZ108149_4.png"
DZ108149,"Turbocharger, Rollerless",Arandela,"Turbocharger, Rollerless",16840,1940592,1,SUB FOR RE534545 OR RE535686 OR RE534520,48.2,LBS,,,,,,SE501680,"DZ108149_0.png
DZ108149_1.png
DZ108149_2.png
DZ108149_3.png
DZ108149_4.png"
DZ108149,"Turbocharger, Rollerless",Arandela,"Turbocharger, Rollerless",17859,1940592,1,SUB FOR RE534545 OR RE535686 OR RE534520,48.2,LBS,,,,,,SE501680,"DZ108149_0.png
DZ108149_1.png
DZ108149_2.png
DZ108149_3.png
DZ108149_4.png"
DZ108149,"Turbocharger, Rollerless",Arandela,"Turbocharger, Rollerless",17859,1940592,1,SUB FOR RE534545 OR RE535686 OR RE534520,48.2,LBS,,,,,,SE501680,"DZ108149_0.png
DZ108149_1.png
DZ108149_2.png
DZ108149_3.png
DZ108149_4.png"
DZ108149,"Turbocharger, Rollerless",Arandela,"Turbocharger, Rollerless",17859,1940592,1,SUB FOR RE534545 OR RE535686 OR RE534520,48.2,LBS,,,,,,SE501680,"DZ108149_0.png
DZ108149_1.png
DZ108149_2.png
DZ108149_3.png
DZ108149_4.png"
DZ108149,"Turbocharger, Rollerless",Arandela,"Turbocharger, Rollerless",17892,1940592,1,SUB FOR RE534545 OR RE535686 OR RE534520,48.2,LBS,,,,,,SE501680,"DZ108149_0.png
DZ108149_1.png
DZ108149_2.png
DZ108149_3.png
DZ108149_4.png"
DZ108149,"Turbocharger, Rollerless",Arandela,"Turbocharger, Rollerless",17892,1940592,1,SUB FOR RE534545 OR RE535686 OR RE534520,48.2,LBS,,,,,,SE501680,"DZ108149_0.png
DZ108149_1.png
DZ108149_2.png
DZ108149_3.png
DZ108149_4.png"
DZ108149,"Turbocharger, Rollerless",Arandela,"Turbocharger, Rollerless",17892,1940592,1,SUB FOR RE534545 OR RE535686 OR RE534520,48.2,LBS,,,,,,SE501680,"DZ108149_0.png
DZ108149_1.png
DZ108149_2.png
DZ108149_3.png
DZ108149_4.png"
DZ108149,"Turbocharger, Rollerless",Arandela,"Turbocharger, Rollerless",16851,689712,1,SUB FOR RE534545 OR RE535686 OR RE534520,48.2,LBS,,,,,,SE501680,"DZ108149_0.png
DZ108149_1.png
DZ108149_2.png
DZ108149_3.png
DZ108149_4.png"
DZ108149,"Turbocharger, Rollerless",Arandela,"Turbocharger, Rollerless",16851,689712,1,SUB FOR RE534545 OR RE535686 OR RE534520,48.2,LBS,,,,,,SE501680,"DZ108149_0.png
DZ108149_1.png
DZ108149_2.png
DZ108149_3.png
DZ108149_4.png"
DZ108149,"Turbocharger, Rollerless",Arandela,"Turbocharger, Rollerless",16851,689712,1,SUB FOR RE534545 OR RE535686 OR RE534520,48.2,LBS,,,,,,SE501680,"DZ108149_0.png
DZ108149_1.png
DZ108149_2.png
DZ108149_3.png
DZ108149_4.png"
DZ108149,"Turbocharger, Rollerless",Arandela,"Turbocharger, Rollerless",17880,689712,1,SUB FOR RE534545 OR RE535686 OR RE534520,48.2,LBS,,,,,,SE501680,"DZ108149_0.png
DZ108149_1.png
DZ108149_2.png
DZ108149_3.png
DZ108149_4.png"
DZ108149,"Turbocharger, Rollerless",Arandela,"Turbocharger, Rollerless",17880,689712,1,SUB FOR RE534545 OR RE535686 OR RE534520,48.2,LBS,,,,,,SE501680,"DZ108149_0.png
DZ108149_1.png
DZ108149_2.png
DZ108149_3.png
DZ108149_4.png"
DZ108149,"Turbocharger, Rollerless",Arandela,"Turbocharger, Rollerless",17880,689712,1,SUB FOR RE534545 OR RE535686 OR RE534520,48.2,LBS,,,,,,SE501680,"DZ108149_0.png
DZ108149_1.png
DZ108149_2.png
DZ108149_3.png
DZ108149_4.png"
DZ108149,"Turbocharger, Rollerless",Arandela,"Turbocharger, Rollerless",17895,689712,1,SUB FOR RE534545 OR RE535686 OR RE534520,48.2,LBS,,,,,,SE501680,"DZ108149_0.png
DZ108149_1.png
DZ108149_2.png
DZ108149_3.png
DZ108149_4.png"
DZ108149,"Turbocharger, Rollerless",Arandela,"Turbocharger, Rollerless",17895,689712,1,SUB FOR RE534545 OR RE535686 OR RE534520,48.2,LBS,,,,,,SE501680,"DZ108149_0.png
DZ108149_1.png
DZ108149_2.png
DZ108149_3.png
DZ108149_4.png"
DZ108149,"Turbocharger, Rollerless",Arandela,"Turbocharger, Rollerless",17895,689712,1,SUB FOR RE534545 OR RE535686 OR RE534520,48.2,LBS,,,,,,SE501680,"DZ108149_0.png
DZ108149_1.png
DZ108149_2.png
DZ108149_3.png
DZ108149_4.png"
DZ108149,"Turbocharger, Rollerless",Arandela,"Turbocharger, Rollerless",16862,1714477,1,SUB FOR RE534545 OR RE535686 OR RE534520,48.2,LBS,,,,,,SE501680,"DZ108149_0.png
DZ108149_1.png
DZ108149_2.png
DZ108149_3.png
DZ108149_4.png"
DZ108149,"Turbocharger, Rollerless",Arandela,"Turbocharger, Rollerless",16862,2287167,1,,48.2,LBS,,,,,,SE501680,"DZ108149_0.png
DZ108149_1.png
DZ108149_2.png
DZ108149_3.png
DZ108149_4.png"
DZ108149,"Turbocharger, Rollerless",Arandela,"Turbocharger, Rollerless",16862,1714477,1,SUB FOR RE534545 OR RE535686 OR RE534520,48.2,LBS,,,,,,SE501680,"DZ108149_0.png
DZ108149_1.png
DZ108149_2.png
DZ108149_3.png
DZ108149_4.png"
DZ108149,"Turbocharger, Rollerless",Arandela,"Turbocharger, Rollerless",16862,1714477,1,SUB FOR RE534545 OR RE535686 OR RE534520,48.2,LBS,,,,,,SE501680,"DZ108149_0.png
DZ108149_1.png
DZ108149_2.png
DZ108149_3.png
DZ108149_4.png"
DZ108149,"Turbocharger, Rollerless",Arandela,"Turbocharger, Rollerless",17861,1714477,1,SUB FOR RE534545 OR RE535686 OR RE534520,48.2,LBS,,,,,,SE501680,"DZ108149_0.png
DZ108149_1.png
DZ108149_2.png
DZ108149_3.png
DZ108149_4.png"
DZ108149,"Turbocharger, Rollerless",Arandela,"Turbocharger, Rollerless",17861,2287167,1,,48.2,LBS,,,,,,SE501680,"DZ108149_0.png
DZ108149_1.png
DZ108149_2.png
DZ108149_3.png
DZ108149_4.png"
DZ108149,"Turbocharger, Rollerless",Arandela,"Turbocharger, Rollerless",17861,1714477,1,SUB FOR RE534545 OR RE535686 OR RE534520,48.2,LBS,,,,,,SE501680,"DZ108149_0.png
DZ108149_1.png
DZ108149_2.png
DZ108149_3.png
DZ108149_4.png"
DZ108149,"Turbocharger, Rollerless",Arandela,"Turbocharger, Rollerless",17861,1714477,1,SUB FOR RE534545 OR RE535686 OR RE534520,48.2,LBS,,,,,,SE501680,"DZ108149_0.png
DZ108149_1.png
DZ108149_2.png
DZ108149_3.png
DZ108149_4.png"
DZ108149,"Turbocharger, Rollerless",Arandela,"Turbocharger, Rollerless",17891,1714477,1,SUB FOR RE534545 OR RE535686 OR RE534520,48.2,LBS,,,,,,SE501680,"DZ108149_0.png
DZ108149_1.png
DZ108149_2.png
DZ108149_3.png
DZ108149_4.png"
DZ108149,"Turbocharger, Rollerless",Arandela,"Turbocharger, Rollerless",17891,2287167,1,,48.2,LBS,,,,,,SE501680,"DZ108149_0.png
DZ108149_1.png
DZ108149_2.png
DZ108149_3.png
DZ108149_4.png"
DZ108149,"Turbocharger, Rollerless",Arandela,"Turbocharger, Rollerless",17891,1714477,1,SUB FOR RE534545 OR RE535686 OR RE534520,48.2,LBS,,,,,,SE501680,"DZ108149_0.png
DZ108149_1.png
DZ108149_2.png
DZ108149_3.png
DZ108149_4.png"
DZ108149,"Turbocharger, Rollerless",Arandela,"Turbocharger, Rollerless",17891,1714477,1,SUB FOR RE534545 OR RE535686 OR RE534520,48.2,LBS,,,,,,SE501680,"DZ108149_0.png
DZ108149_1.png
DZ108149_2.png
DZ108149_3.png
DZ108149_4.png"
DZ108149,"Turbocharger, Rollerless",Arandela,"Turbocharger, Rollerless",174759,1714477,1,SUB FOR RE534545 OR RE535686 OR RE534520,48.2,LBS,,,,,,SE501680,"DZ108149_0.png
DZ108149_1.png
DZ108149_2.png
DZ108149_3.png
DZ108149_4.png"
DZ108149,"Turbocharger, Rollerless",Arandela,"Turbocharger, Rollerless",174759,2287167,1,,48.2,LBS,,,,,,SE501680,"DZ108149_0.png
DZ108149_1.png
DZ108149_2.png
DZ108149_3.png
DZ108149_4.png"
DZ108149,"Turbocharger, Rollerless",Arandela,"Turbocharger, Rollerless",174759,1714477,1,SUB FOR RE534545 OR RE535686 OR RE534520,48.2,LBS,,,,,,SE501680,"DZ108149_0.png
DZ108149_1.png
DZ108149_2.png
DZ108149_3.png
DZ108149_4.png"
DZ108149,"Turbocharger, Rollerless",Arandela,"Turbocharger, Rollerless",174759,1714477,1,SUB FOR RE534545 OR RE535686 OR RE534520,48.2,LBS,,,,,,SE501680,"DZ108149_0.png
DZ108149_1.png
DZ108149_2.png
DZ108149_3.png
DZ108149_4.png"
DZ108149,"Turbocharger, Rollerless",Arandela,"Turbocharger, Rollerless",16871,120605,1,,48.2,LBS,,,,,,SE501680,"DZ108149_0.png
DZ108149_1.png
DZ108149_2.png
DZ108149_3.png
DZ108149_4.png"
DZ108149,"Turbocharger, Rollerless",Arandela,"Turbocharger, Rollerless",16871,514011,1,SUB FOR RE534545 OR RE535686 OR RE534520,48.2,LBS,,,,,,SE501680,"DZ108149_0.png
DZ108149_1.png
DZ108149_2.png
DZ108149_3.png
DZ108149_4.png"
DZ108149,"Turbocharger, Rollerless",Arandela,"Turbocharger, Rollerless",16871,514011,1,SUB FOR RE534545 OR RE535686 OR RE534520,48.2,LBS,,,,,,SE501680,"DZ108149_0.png
DZ108149_1.png
DZ108149_2.png
DZ108149_3.png
DZ108149_4.png"
DZ108149,"Turbocharger, Rollerless",Arandela,"Turbocharger, Rollerless",16871,514011,1,SUB FOR RE534545 OR RE535686 OR RE534520,48.2,LBS,,,,,,SE501680,"DZ108149_0.png
DZ108149_1.png
DZ108149_2.png
DZ108149_3.png
DZ108149_4.png"
DZ108149,"Turbocharger, Rollerless",Arandela,"Turbocharger, Rollerless",17860,120605,1,,48.2,LBS,,,,,,SE501680,"DZ108149_0.png
DZ108149_1.png
DZ108149_2.png
DZ108149_3.png
DZ108149_4.png"
DZ108149,"Turbocharger, Rollerless",Arandela,"Turbocharger, Rollerless",17860,514011,1,SUB FOR RE534545 OR RE535686 OR RE534520,48.2,LBS,,,,,,SE501680,"DZ108149_0.png
DZ108149_1.png
DZ108149_2.png
DZ108149_3.png
DZ108149_4.png"
DZ108149,"Turbocharger, Rollerless",Arandela,"Turbocharger, Rollerless",17860,514011,1,SUB FOR RE534545 OR RE535686 OR RE534520,48.2,LBS,,,,,,SE501680,"DZ108149_0.png
DZ108149_1.png
DZ108149_2.png
DZ108149_3.png
DZ108149_4.png"
DZ108149,"Turbocharger, Rollerless",Arandela,"Turbocharger, Rollerless",17860,514011,1,SUB FOR RE534545 OR RE535686 OR RE534520,48.2,LBS,,,,,,SE501680,"DZ108149_0.png
DZ108149_1.png
DZ108149_2.png
DZ108149_3.png
DZ108149_4.png"
DZ108149,"Turbocharger, Rollerless",Arandela,"Turbocharger, Rollerless",17890,120605,1,,48.2,LBS,,,,,,SE501680,"DZ108149_0.png
DZ108149_1.png
DZ108149_2.png
DZ108149_3.png
DZ108149_4.png"
DZ108149,"Turbocharger, Rollerless",Arandela,"Turbocharger, Rollerless",17890,514011,1,SUB FOR RE534545 OR RE535686 OR RE534520,48.2,LBS,,,,,,SE501680,"DZ108149_0.png
DZ108149_1.png
DZ108149_2.png
DZ108149_3.png
DZ108149_4.png"
DZ108149,"Turbocharger, Rollerless",Arandela,"Turbocharger, Rollerless",17890,514011,1,SUB FOR RE534545 OR RE535686 OR RE534520,48.2,LBS,,,,,,SE501680,"DZ108149_0.png
DZ108149_1.png
DZ108149_2.png
DZ108149_3.png
DZ108149_4.png"
DZ108149,"Turbocharger, Rollerless",Arandela,"Turbocharger, Rollerless",17890,514011,1,SUB FOR RE534545 OR RE535686 OR RE534520,48.2,LBS,,,,,,SE501680,"DZ108149_0.png
DZ108149_1.png
DZ108149_2.png
DZ108149_3.png
DZ108149_4.png"
DZ108149,"Turbocharger, Rollerless",Arandela,"Turbocharger, Rollerless",16870,6246469,1,SUB FOR RE534545 OR RE535686 OR RE534520,48.2,LBS,,,,,,SE501680,"DZ108149_0.png
DZ108149_1.png
DZ108149_2.png
DZ108149_3.png
DZ108149_4.png"
DZ108149,"Turbocharger, Rollerless",Arandela,"Turbocharger, Rollerless",16870,6256021,1,SUB FOR RE534545 OR RE535686 OR RE534520,48.2,LBS,,,,,,SE501680,"DZ108149_0.png
DZ108149_1.png
DZ108149_2.png
DZ108149_3.png
DZ108149_4.png"
DZ108149,"Turbocharger, Rollerless",Arandela,"Turbocharger, Rollerless",16870,6256898,1,SUB FOR RE534545 OR RE535686 OR RE534520,48.2,LBS,,,,,,SE501680,"DZ108149_0.png
DZ108149_1.png
DZ108149_2.png
DZ108149_3.png
DZ108149_4.png"
DZ108149,"Turbocharger, Rollerless",Arandela,"Turbocharger, Rollerless",16870,6246469,1,SUB FOR RE534545 OR RE535686 OR RE534520,48.2,LBS,,,,,,SE501680,"DZ108149_0.png
DZ108149_1.png
DZ108149_2.png
DZ108149_3.png
DZ108149_4.png"
DZ108149,"Turbocharger, Rollerless",Arandela,"Turbocharger, Rollerless",16870,6256021,1,SUB FOR RE534545 OR RE535686 OR RE534520,48.2,LBS,,,,,,SE501680,"DZ108149_0.png
DZ108149_1.png
DZ108149_2.png
DZ108149_3.png
DZ108149_4.png"
DZ108149,"Turbocharger, Rollerless",Arandela,"Turbocharger, Rollerless",16870,6246469,1,SUB FOR RE534545 OR RE535686 OR RE534520,48.2,LBS,,,,,,SE501680,"DZ108149_0.png
DZ108149_1.png
DZ108149_2.png
DZ108149_3.png
DZ108149_4.png"
DZ108149,"Turbocharger, Rollerless",Arandela,"Turbocharger, Rollerless",16870,6256021,1,SUB FOR RE534545 OR RE535686 OR RE534520,48.2,LBS,,,,,,SE501680,"DZ108149_0.png
DZ108149_1.png
DZ108149_2.png
DZ108149_3.png
DZ108149_4.png"
DZ108149,"Turbocharger, Rollerless",Arandela,"Turbocharger, Rollerless",17888,6246469,1,SUB FOR RE534545 OR RE535686 OR RE534520,48.2,LBS,,,,,,SE501680,"DZ108149_0.png
DZ108149_1.png
DZ108149_2.png
DZ108149_3.png
DZ108149_4.png"
DZ108149,"Turbocharger, Rollerless",Arandela,"Turbocharger, Rollerless",17888,6256021,1,SUB FOR RE534545 OR RE535686 OR RE534520,48.2,LBS,,,,,,SE501680,"DZ108149_0.png
DZ108149_1.png
DZ108149_2.png
DZ108149_3.png
DZ108149_4.png"
DZ108149,"Turbocharger, Rollerless",Arandela,"Turbocharger, Rollerless",17888,6256898,1,SUB FOR RE534545 OR RE535686 OR RE534520,48.2,LBS,,,,,,SE501680,"DZ108149_0.png
DZ108149_1.png
DZ108149_2.png
DZ108149_3.png
DZ108149_4.png"
DZ108149,"Turbocharger, Rollerless",Arandela,"Turbocharger, Rollerless",17888,6246469,1,SUB FOR RE534545 OR RE535686 OR RE534520,48.2,LBS,,,,,,SE501680,"DZ108149_0.png
DZ108149_1.png
DZ108149_2.png
DZ108149_3.png
DZ108149_4.png"
DZ108149,"Turbocharger, Rollerless",Arandela,"Turbocharger, Rollerless",17888,6256021,1,SUB FOR RE534545 OR RE535686 OR RE534520,48.2,LBS,,,,,,SE501680,"DZ108149_0.png
DZ108149_1.png
DZ108149_2.png
DZ108149_3.png
DZ108149_4.png"
DZ108149,"Turbocharger, Rollerless",Arandela,"Turbocharger, Rollerless",17888,6246469,1,SUB FOR RE534545 OR RE535686 OR RE534520,48.2,LBS,,,,,,SE501680,"DZ108149_0.png
DZ108149_1.png
DZ108149_2.png
DZ108149_3.png
DZ108149_4.png"
DZ108149,"Turbocharger, Rollerless",Arandela,"Turbocharger, Rollerless",17888,6256021,1,SUB FOR RE534545 OR RE535686 OR RE534520,48.2,LBS,,,,,,SE501680,"DZ108149_0.png
DZ108149_1.png
DZ108149_2.png
DZ108149_3.png
DZ108149_4.png"
DZ108149,"Turbocharger, Rollerless",Arandela,"Turbocharger, Rollerless",173688,4440139,1,SUB FOR RE535686,48.2,LBS,,,,,,SE501680,"DZ108149_0.png
DZ108149_1.png
DZ108149_2.png
DZ108149_3.png
DZ108149_4.png"
DZ108149,"Turbocharger, Rollerless",Arandela,"Turbocharger, Rollerless",173688,4626264,1,,48.2,LBS,,,,,,SE501680,"DZ108149_0.png
DZ108149_1.png
DZ108149_2.png
DZ108149_3.png
DZ108149_4.png"
DZ108149,"Turbocharger, Rollerless",Arandela,"Turbocharger, Rollerless",173690,4440139,1,SUB FOR RE535686,48.2,LBS,,,,,,SE501680,"DZ108149_0.png
DZ108149_1.png
DZ108149_2.png
DZ108149_3.png
DZ108149_4.png"
DZ108149,"Turbocharger, Rollerless",Arandela,"Turbocharger, Rollerless",173690,4626264,1,,48.2,LBS,,,,,,SE501680,"DZ108149_0.png
DZ108149_1.png
DZ108149_2.png
DZ108149_3.png
DZ108149_4.png"
DZ108149,"Turbocharger, Rollerless",Arandela,"Turbocharger, Rollerless",173699,4440139,1,SUB FOR RE535686,48.2,LBS,,,,,,SE501680,"DZ108149_0.png
DZ108149_1.png
DZ108149_2.png
DZ108149_3.png
DZ108149_4.png"
DZ108149,"Turbocharger, Rollerless",Arandela,"Turbocharger, Rollerless",173699,4626264,1,,48.2,LBS,,,,,,SE501680,"DZ108149_0.png
DZ108149_1.png
DZ108149_2.png
DZ108149_3.png
DZ108149_4.png"
DZ108149,"Turbocharger, Rollerless",Arandela,"Turbocharger, Rollerless",173706,4440139,1,SUB FOR RE535686,48.2,LBS,,,,,,SE501680,"DZ108149_0.png
DZ108149_1.png
DZ108149_2.png
DZ108149_3.png
DZ108149_4.png"
DZ108149,"Turbocharger, Rollerless",Arandela,"Turbocharger, Rollerless",173706,4626264,1,,48.2,LBS,,,,,,SE501680,"DZ108149_0.png
DZ108149_1.png
DZ108149_2.png
DZ108149_3.png
DZ108149_4.png"
DZ108149,"Turbocharger, Rollerless",Arandela,"Turbocharger, Rollerless",16887,1045609,1,,48.2,LBS,,,,,,SE501680,"DZ108149_0.png
DZ108149_1.png
DZ108149_2.png
DZ108149_3.png
DZ108149_4.png"
DZ108149,"Turbocharger, Rollerless",Arandela,"Turbocharger, Rollerless",16887,1502884,1,SUB FOR RE535686,48.2,LBS,,,,,,SE501680,"DZ108149_0.png
DZ108149_1.png
DZ108149_2.png
DZ108149_3.png
DZ108149_4.png"
DZ108149,"Turbocharger, Rollerless",Arandela,"Turbocharger, Rollerless",17937,1045609,1,,48.2,LBS,,,,,,SE501680,"DZ108149_0.png
DZ108149_1.png
DZ108149_2.png
DZ108149_3.png
DZ108149_4.png"
DZ108149,"Turbocharger, Rollerless",Arandela,"Turbocharger, Rollerless",17937,1502884,1,SUB FOR RE535686,48.2,LBS,,,,,,SE501680,"DZ108149_0.png
DZ108149_1.png
DZ108149_2.png
DZ108149_3.png
DZ108149_4.png"
DZ108149,"Turbocharger, Rollerless",Arandela,"Turbocharger, Rollerless",17943,1045609,1,,48.2,LBS,,,,,,SE501680,"DZ108149_0.png
DZ108149_1.png
DZ108149_2.png
DZ108149_3.png
DZ108149_4.png"
DZ108149,"Turbocharger, Rollerless",Arandela,"Turbocharger, Rollerless",17943,1502884,1,SUB FOR RE535686,48.2,LBS,,,,,,SE501680,"DZ108149_0.png
DZ108149_1.png
DZ108149_2.png
DZ108149_3.png
DZ108149_4.png"
DZ108149,"Turbocharger, Rollerless",Arandela,"Turbocharger, Rollerless",173692,4467391,1,,48.2,LBS,,,,,,SE501680,"DZ108149_0.png
DZ108149_1.png
DZ108149_2.png
DZ108149_3.png
DZ108149_4.png"
DZ108149,"Turbocharger, Rollerless",Arandela,"Turbocharger, Rollerless",173692,4515337,1,SUB FOR RE535686,48.2,LBS,,,,,,SE501680,"DZ108149_0.png
DZ108149_1.png
DZ108149_2.png
DZ108149_3.png
DZ108149_4.png"
DZ108149,"Turbocharger, Rollerless",Arandela,"Turbocharger, Rollerless",173694,4467391,1,,48.2,LBS,,,,,,SE501680,"DZ108149_0.png
DZ108149_1.png
DZ108149_2.png
DZ108149_3.png
DZ108149_4.png"
DZ108149,"Turbocharger, Rollerless",Arandela,"Turbocharger, Rollerless",173694,4515337,1,SUB FOR RE535686,48.2,LBS,,,,,,SE501680,"DZ108149_0.png
DZ108149_1.png
DZ108149_2.png
DZ108149_3.png
DZ108149_4.png"
DZ108149,"Turbocharger, Rollerless",Arandela,"Turbocharger, Rollerless",173700,4467391,1,,48.2,LBS,,,,,,SE501680,"DZ108149_0.png
DZ108149_1.png
DZ108149_2.png
DZ108149_3.png
DZ108149_4.png"
DZ108149,"Turbocharger, Rollerless",Arandela,"Turbocharger, Rollerless",173700,4515337,1,SUB FOR RE535686,48.2,LBS,,,,,,SE501680,"DZ108149_0.png
DZ108149_1.png
DZ108149_2.png
DZ108149_3.png
DZ108149_4.png"
DZ108149,"Turbocharger, Rollerless",Arandela,"Turbocharger, Rollerless",173710,4467391,1,,48.2,LBS,,,,,,SE501680,"DZ108149_0.png
DZ108149_1.png
DZ108149_2.png
DZ108149_3.png
DZ108149_4.png"
DZ108149,"Turbocharger, Rollerless",Arandela,"Turbocharger, Rollerless",173710,4515337,1,SUB FOR RE535686,48.2,LBS,,,,,,SE501680,"DZ108149_0.png
DZ108149_1.png
DZ108149_2.png
DZ108149_3.png
DZ108149_4.png"
DZ108149,"Turbocharger, Rollerless",Arandela,"Turbocharger, Rollerless",16889,7829689,1,SUB FOR RE535686,48.2,LBS,,,,,,SE501680,"DZ108149_0.png
DZ108149_1.png
DZ108149_2.png
DZ108149_3.png
DZ108149_4.png"
DZ108149,"Turbocharger, Rollerless",Arandela,"Turbocharger, Rollerless",16889,7867130,1,,48.2,LBS,,,,,,SE501680,"DZ108149_0.png
DZ108149_1.png
DZ108149_2.png
DZ108149_3.png
DZ108149_4.png"
DZ108149,"Turbocharger, Rollerless",Arandela,"Turbocharger, Rollerless",17938,7829689,1,SUB FOR RE535686,48.2,LBS,,,,,,SE501680,"DZ108149_0.png
DZ108149_1.png
DZ108149_2.png
DZ108149_3.png
DZ108149_4.png"
DZ108149,"Turbocharger, Rollerless",Arandela,"Turbocharger, Rollerless",17938,7867130,1,,48.2,LBS,,,,,,SE501680,"DZ108149_0.png
DZ108149_1.png
DZ108149_2.png
DZ108149_3.png
DZ108149_4.png"
DZ108149,"Turbocharger, Rollerless",Arandela,"Turbocharger, Rollerless",17944,7829689,1,SUB FOR RE535686,48.2,LBS,,,,,,SE501680,"DZ108149_0.png
DZ108149_1.png
DZ108149_2.png
DZ108149_3.png
DZ108149_4.png"
DZ108149,"Turbocharger, Rollerless",Arandela,"Turbocharger, Rollerless",17944,7867130,1,,48.2,LBS,,,,,,SE501680,"DZ108149_0.png
DZ108149_1.png
DZ108149_2.png
DZ108149_3.png
DZ108149_4.png"
DZ108149,"Turbocharger, Rollerless",Arandela,"Turbocharger, Rollerless",16895,1003961,1,SUB FOR RE534545 OR RE535686 OR RE534520,48.2,LBS,,,,,,SE501680,"DZ108149_0.png
DZ108149_1.png
DZ108149_2.png
DZ108149_3.png
DZ108149_4.png"
DZ108149,"Turbocharger, Rollerless",Arandela,"Turbocharger, Rollerless",16895,1871830,1,SUB FOR RE534545 OR RE535686 OR RE534520,48.2,LBS,,,,,,SE501680,"DZ108149_0.png
DZ108149_1.png
DZ108149_2.png
DZ108149_3.png
DZ108149_4.png"
DZ108149,"Turbocharger, Rollerless",Arandela,"Turbocharger, Rollerless",16895,1003961,1,SUB FOR RE534545 OR RE535686 OR RE534520,48.2,LBS,,,,,,SE501680,"DZ108149_0.png
DZ108149_1.png
DZ108149_2.png
DZ108149_3.png
DZ108149_4.png"
DZ108149,"Turbocharger, Rollerless",Arandela,"Turbocharger, Rollerless",16895,1003961,1,SUB FOR RE534545 OR RE535686 OR RE534520,48.2,LBS,,,,,,SE501680,"DZ108149_0.png
DZ108149_1.png
DZ108149_2.png
DZ108149_3.png
DZ108149_4.png"
DZ108149,"Turbocharger, Rollerless",Arandela,"Turbocharger, Rollerless",17862,1003961,1,SUB FOR RE534545 OR RE535686 OR RE534520,48.2,LBS,,,,,,SE501680,"DZ108149_0.png
DZ108149_1.png
DZ108149_2.png
DZ108149_3.png
DZ108149_4.png"
DZ108149,"Turbocharger, Rollerless",Arandela,"Turbocharger, Rollerless",17862,1871830,1,SUB FOR RE534545 OR RE535686 OR RE534520,48.2,LBS,,,,,,SE501680,"DZ108149_0.png
DZ108149_1.png
DZ108149_2.png
DZ108149_3.png
DZ108149_4.png"
DZ108149,"Turbocharger, Rollerless",Arandela,"Turbocharger, Rollerless",17862,1003961,1,SUB FOR RE534545 OR RE535686 OR RE534520,48.2,LBS,,,,,,SE501680,"DZ108149_0.png
DZ108149_1.png
DZ108149_2.png
DZ108149_3.png
DZ108149_4.png"
DZ108149,"Turbocharger, Rollerless",Arandela,"Turbocharger, Rollerless",17862,1003961,1,SUB FOR RE534545 OR RE535686 OR RE534520,48.2,LBS,,,,,,SE501680,"DZ108149_0.png
DZ108149_1.png
DZ108149_2.png
DZ108149_3.png
DZ108149_4.png"
DZ108149,"Turbocharger, Rollerless",Arandela,"Turbocharger, Rollerless",17893,1003961,1,SUB FOR RE534545 OR RE535686 OR RE534520,48.2,LBS,,,,,,SE501680,"DZ108149_0.png
DZ108149_1.png
DZ108149_2.png
DZ108149_3.png
DZ108149_4.png"
DZ108149,"Turbocharger, Rollerless",Arandela,"Turbocharger, Rollerless",17893,1871830,1,SUB FOR RE534545 OR RE535686 OR RE534520,48.2,LBS,,,,,,SE501680,"DZ108149_0.png
DZ108149_1.png
DZ108149_2.png
DZ108149_3.png
DZ108149_4.png"
